{
    "loss": 50.48612976074219,
    "accuracy": 0.5179855823516846
}