{
    "loss": 1.6989600658416748,
    "accuracy": 0.6906474828720093
}